ID	Precursor	Probability
URS00000219A2_3702 Arabidopsis thaliana (thale cress) partial 5S ribosomal RNA	MVHQVFKKEYIRLHCKYXRMRSYQHXCTGSHQNSAVKRAWARVVLGWVTSREVLVLHLLLCLTFFFF	0.5980394
URS0000036331_3702 Arabidopsis thaliana (thale cress) partial 5S ribosomal RNA	IESSKNNRYDCNACSNRCFHTSTNAPDPIRTTXLSVLGREXYEDGXPRGMSSYCISL	0.5537324
URS000003C22B_3702 Arabidopsis thaliana (thale cress) ribosomal RNA	RDETRGLSWRSPILVLLSPKHAXLRFFDGIWCISAGMIAF	0.50482446
URS00000A2534_3702 Arabidopsis thaliana (thale cress) partial 5S ribosomal RNA	GSXSLKKRIDTIRFDVVTDAIIPALMHRIPSELRSXACLGESSTRMGDLEECPRVASL	0.87008256
URS00000B9C60_3702 Arabidopsis thaliana (thale cress) partial 5S ribosomal RNA	IKSSKNNRYDCKYVCNRCFHTSTNAPDPIRTTXLSVLGREXYEDGXPRGMSSYCIS	0.84674776
URS00000E32B6_3702 Arabidopsis thaliana (thale cress) partial 5S ribosomal RNA	MKLIKTRWVSLHSGWDPRRMVHQVFKKEYIRLHCKYXRMRSYQHXC	0.9638749
URS00000FFF47_3702 Arabidopsis thaliana (thale cress) ribosomal RNA	RDATRGLSXRSPILVLLSPKHAXLRSSDGIRSISAGMIAS	0.6116247
URS00001430C0_3702 Arabidopsis thaliana (thale cress) ribosomal RNA	REATRGLSXRSPILVLLSPKHAXLRSSNGIWCISAGMIAF	0.90314543
URS0000170BC8_3702 Arabidopsis thaliana (thale cress) partial 5S ribosomal RNA	KDRCMMHISRMRSHQHXCTGSHKNSAVKRAWARVVLGWVTSREVLVLHP	0.5333468
URS0000189D55_3702 Arabidopsis thaliana (thale cress) ribosomal RNA	RDATRGLSWRSPILVLLSPKHAXLRSSNGIWCISAGMIAF	0.871165
URS000019EE7E_3702 Arabidopsis thaliana (thale cress) partial 5S ribosomal RNA	IIKSSKNNRYDCNAYSNRCFHTSTNAPDPIRTTXLSVLGREXYEDGXPRGMSSYCIS	0.76573515
URS00001D9F69_3702 Arabidopsis thaliana (thale cress) ribosomal RNA	RDATRGLSWRSPILVLLLPKHAXLRRSNGIRSISAGMIAF	0.863224
URS00001DC2EC_3702 Arabidopsis thaliana (thale cress) partial 5S ribosomal RNA	KVLKKRIDTIALHVVTDAIIPALMHRIPLELRSXACLGESSTRMGDLEECPRVASL	0.9153029
URS00001EB575_3702 Arabidopsis thaliana (thale cress) partial 5S ribosomal RNA	RSIRFDVFNGCIIPALMHWIPSEICSXACLGESCTRMGDLQESPRVAFL	0.8559338
URS0000227325_3702 Arabidopsis thaliana (thale cress) partial 5S ribosomal RNA	PTTNGSXSLQKRIDTIAIVXXTYAFILALMHRIPSELRSXACLGESSTRMGDLEECPRIASL	0.69784546
URS0000232718_3702 Arabidopsis thaliana (thale cress) ribosomal RNA	RDATRGLSXRSPILVLLSPKHAXLQSSNGIWCISAGMIAF	0.8059461
URS0000247E8B_3702 Arabidopsis thaliana (thale cress) partial 5S ribosomal RNA	KLIKTRWVSLHSGWHPRRMVHQVFKKEYIRLHCKYXRMRSYQHXCTGSHQNSAVKRAWARVVLGWVTSRKVLVLHPSF	0.7599134
URS0000261E41_3702 Arabidopsis thaliana (thale cress) partial 5S ribosomal RNA	IIGVAKSSKKNKXTLLXXRMLSYQHXCAGSNQNFVVKSAWARVVIVCVTSRKVLVLHPS	0.7664584
URS00002657A7_3702 Arabidopsis thaliana (thale cress) ribosomal RNA	RDATRGLSWTSPILVLLSPKHAXLRSFDGIWCISAGMIAS	0.6559714
URS0000267B41_3702 Arabidopsis thaliana (thale cress) ribosomal RNA	RDATRGLSWRSPILVLLSPNHAXLRSSDGIRSISAVMIAS	0.56927246
URS000027AE94_3702 Arabidopsis thaliana (thale cress) ribosomal RNA	RYATRGLSXRSPILVLLSPKHAXLRSSNGIWCISAGMIAF	0.8308831
URS0000282CE4_3702 Arabidopsis thaliana (thale cress) ribosomal RNA	RDATRIHSERSPILVLLSSKHAXLQSSDGIRCINAGMIAS	0.5918729
URS00002AB9AC_3702 Arabidopsis thaliana (thale cress) ribosomal RNA	RDETRGLSXRSPILVLLSPKHAXLRFFDGIWCISAGMIAF	0.5126603
URS00002EC4C4_3702 Arabidopsis thaliana (thale cress) partial 5S ribosomal RNA	LKTRWVSLHSGWDPRRMVTQVFKKEYIRLHCKYXRMRSYQHXCTGSHQNSAGKRAWARVVLGWVTSREVLVLHPSFMFNLF	0.55719376
URS0000329693_3702 Arabidopsis thaliana (thale cress) partial 5S ribosomal RNA	QDGVSLHSGWDPRRMVHQVFKKEYIRLHCIYXRMRSYQHXCTGSHQNSVVKRAWARVVLGWVTSREVLVLHLLLCLTFFFLV	0.58120275
URS0000332EE2_3702 Arabidopsis thaliana (thale cress) ribosomal RNA	RDATRGLSXRSPILLQLTPKHAXLWSSDGIRCISVGMIAS	0.8485591
URS0000374A96_3702 Arabidopsis thaliana (thale cress) partial 5S ribosomal RNA	QMDHKVFKKXXIQLQCMXXQMTFILALMHRIPSELRSXACLGESSTRMGDLEECPCIASL	0.9519684
URS000039B2BD_3702 Arabidopsis thaliana (thale cress) ribosomal RNA	RDATRGLSWRSPILVLLSPKHAXLQSSHGIRCINAGMIAS	0.5956174
URS00003B25BD_3702 Arabidopsis thaliana (thale cress) partial 5S ribosomal RNA	VTHDKWIIKFLKKNRYHCICIXXQMRSYQHXCTGSHXNSAVKHASARVVLGWVTSRNVLVLHP	0.62354004
URS00003EA320_3702 Arabidopsis thaliana (thale cress) ribosomal RNA	RDATRGLSWRSPILILLSPKQAXLRSSNGIWCISAGMIAF	0.8465491
URS00004138D0_3702 Arabidopsis thaliana (thale cress) ribosomal RNA	RDATRGLSWRSPILVLLSPKHAXLRSFDGIWCISAGMITS	0.5538071
URS000044F2BE_3702 Arabidopsis thaliana (thale cress) ribosomal RNA	RVVTRGLSEMSPILVLLSPKHAXLQSSHGIRCINAGMIAS	0.5048412
URS000048E8B0_3702 Arabidopsis thaliana (thale cress) ribosomal RNA	YLVDPASSHMLVSKIKPCMCKYERI	0.5369337
URS00004A857E_3702 Arabidopsis thaliana (thale cress) partial 5S ribosomal RNA	SXSLQKIRYSSXASYVTDAFILALSHRIPSELASXACLGESSSRMGDLQECPRIASL	0.96584886
URS00004AB9E3_3702 Arabidopsis thaliana (thale cress) ribosomal RNA	RDATRGLSXRSLSSTTLAQARLTAECDGIRCISAGMIAS	0.90040666
URS00004B5188_3702 Arabidopsis thaliana (thale cress) partial 5S ribosomal RNA	VFKKEXIPFDCMXXQMRSYQHXCTISHQNSAVKRVWARVVLGWVTSRKVLVLHP	0.5275079
URS00004CDB9E_3702 Arabidopsis thaliana (thale cress) ribosomal RNA	RDATRGLSRRSPILVLLSPKHAXLRSFDGIWCISAGMIAS	0.80874866
URS00004FB951_3702 Arabidopsis thaliana (thale cress) partial 5S ribosomal RNA	SXSLQKKNRSIAFHVVTYAIIPALMHWIPSELRSXACLGESSTRMGDLEECPLVASL	0.51478827
URS0000518072_3702 Arabidopsis thaliana (thale cress) ribosomal RNA	RDATRGLSXRSPILVLLSPKHAXLRHSNGIRSISAGMIAS	0.8759239
URS00005407D0_3702 Arabidopsis thaliana (thale cress) 5.8S ribosomal RNA	KRLSATDISALASMKNVAKCDTWCELQNPVNHRVFERKLRPKPSGRGHVCLG	0.9955758
URS000054861A_3702 Arabidopsis thaliana (thale cress) partial 5S ribosomal RNA	KSSYKQDRYSYIAGRTHGKWIIKSXKKNRYDCIACSNRCDHTSTNAPDPIRTPQLSVLGREXYXDGXPQECPRVASL	0.56708705
URS00005887A5_3702 Arabidopsis thaliana (thale cress) ribosomal RNA	RDDRICTTLAQAHLTAEFCWDPVHXCWYDRI	0.61272454
URS000058DA55_3702 Arabidopsis thaliana (thale cress) partial 5S ribosomal RNA	IACSYIRGGPTINGSXSFXKRIDTIAFAFNXQMRSYQHXCTGSHXNSAVKHASARVVLGWVTSRNVLCVASL	0.80273604
URS00005979EC_3702 Arabidopsis thaliana (thale cress) partial 5S ribosomal RNA	LRLDGVSLHSGWDPRRMVHQVFKKEYIRLHCIYXRMRSCQHXCTGSHQNSAVKRAWARVVLGWVTFGKSSCCIPLLCLTF	0.7151209
URS00005D4F38_3702 Arabidopsis thaliana (thale cress) partial 5S ribosomal RNA	GSXSLKKRIDTIRFDVVTDAIIPALMHRIPLELRSXACLGESSTRMGDLEECPRVASL	0.78987163
URS0000609AE7_3702 Arabidopsis thaliana (thale cress) partial 5S ribosomal RNA	QGSLRLDGVSLHGGWDPGRTVHQDLKKEYIRLHCIYXRMRSYQHXCTGSHQNSAGKRDWVRVVTRMGDLPGSPRVASFFFFFFFLVKTLXLHNFYT	0.7523414
URS000062B6DA_3702 Arabidopsis thaliana (thale cress) 5S ribosomal RNA	RCDHTSTNAPDPIKTVQLSVLGREXYXDGXPPGKSSCWI	0.58754313
URS000062C12D_3702 Arabidopsis thaliana (thale cress) 5S ribosomal RNA	GCDYTSINALDPIRNLXLSVLGRELYXDGXPPGKSSCCI	0.7510216
URS000062ECCA_3702 Arabidopsis thaliana (thale cress) 5S ribosomal RNA	RCKHTSINAPDPIRTMXLSVLGREXLICLXFACFTH	0.7573585
URS000063416D_3702 Arabidopsis thaliana (thale cress) 5S ribosomal RNA	KNNXISSRCTGSYQNTVVKRDWSRVVLEGXPSEKFSCCI	0.9172078
URS000064D47F_3702 Arabidopsis thaliana (thale cress) 5S ribosomal RNA	KCDHTSTNGPDPIXTPQLSVLGQEXYXDGXPPGKSSCCI	0.52218187
URS00006553FF_3702 Arabidopsis thaliana (thale cress) 5S ribosomal RNA	GCDHISPYASDPINTLQLSLLGREXYXDGXPPGKSLCCI	0.91005003
URS00006676BE_3702 Arabidopsis thaliana (thale cress) 5S ribosomal RNA	ECNHSSTNAPDPNRTPHLSVLWREXYXHGXPPGKSSCCI	0.74169374
URS0000674AE6_3702 Arabidopsis thaliana (thale cress) 5S ribosomal RNA	GCDHTSINAPDPMRTLKLSVLGREXYXDGXHLGKSSCYN	0.6077542
URS0000693E5E_3702 Arabidopsis thaliana (thale cress) 5S ribosomal RNA	GCDHTSTNAPNPIRTTXLSVLLXEXYXDKXPPWKSSSCI	0.7027121
URS00006966AD_3702 Arabidopsis thaliana (thale cress) 5S ribosomal RNA	RCFHTSTNAPDPIRTTXLSVLGREXYEDGXPRGMSSYCI	0.6118666
URS000069D85E_3702 Arabidopsis thaliana (thale cress) 5S ribosomal RNA	GCDHTSINAPCPRRTLXLSVLGREXYLGGXPPGKSSCCI	0.7743494
URS00006B794D_3702 Arabidopsis thaliana (thale cress) 5S ribosomal RNA	RCDHTSTNAPSPFRTSQLILLVXVXSXDGXLPGKSSFCI	0.77590585
URS00006C57C1_3702 Arabidopsis thaliana (thale cress) 5S ribosomal RNA	GCDYTNINAPDPIRNLQLSVLWRELYXDGXPTGKSSCCI	0.5216066
URS00006F6D30_3702 Arabidopsis thaliana (thale cress) 5S ribosomal RNA	GCDHISTYASDPINTLQLSLLGREXYXDGXPPGKSLCCI	0.92276394
URS00006F8F69_3702 Arabidopsis thaliana (thale cress) 5S ribosomal RNA	GCDHISPYASDPINTLQLSLLGREXYXDGXPPGKSLCWI	0.8736195
URS000070AA87_3702 Arabidopsis thaliana (thale cress) 5S ribosomal RNA	GCHHTITNAPGSHHNSAVKRAWARVVLGRVTFWEVLVLHP	0.63607055
URS0000EFFE1B_3702 Arabidopsis thaliana chloroplast 5S rRNA	ILVSXAXRNNTNPSRTWWLNSTAVTILXGRSCGKIARRQDDEKLNT	0.68251604
URS000218B837_3702 Arabidopsis thaliana (thale cress) 5.8S ribosomal RNA	KTTLGNGYLGSRIDEERSEMRYLVCELQNPVNHRVFERKLRPKPSGRGHVCPGVT	0.6862502
URS000218BFA9_3702 Arabidopsis thaliana (thale cress) 5.8S ribosomal RNA	KSTLESDISALASMKNVAKCDTWXIAESREPSSLXTQVAPQAFWPRARLPGCH	0.5994097
URS000218C7DB_3702 Arabidopsis thaliana (thale cress) 5.8S ribosomal RNA	KTTLGNGYLGSRIDEERSEMRYLVXIAXIPXTIESLNASCAPSLPGRGHVCPGCH	0.859503
URS000218EC4A_3702 Arabidopsis thaliana (thale cress) 5.8S ribosomal RNA	KTTLGNGYLGSRIDEERSEMRYLVXIAESREPSSLXTQVAPQAFGRGHVCLGVT	0.74692595
URS00021959DA_3702 Arabidopsis thaliana (thale cress) 5.8S ribosomal RNA	KTTLATDISALASMKNVAKCDTWCELRNPVNHRVFERKLRPQAFGRGHALPGCH	0.9584148
URS00021970DE_3702 Arabidopsis thaliana (thale cress) 5.8S ribosomal RNA	KTTLGNGYLALASMKNVAKCDTWCELQNPVNHRVFERKLRPKPSGRGHVRPRVSQ	0.796501
URS00021999C6_3702 Arabidopsis thaliana (thale cress) 5.8S ribosomal RNA	KTTLSNGYLGSHRXRTXRNAILGVNCRNPVNHRVFERKVAPKPSGRGTSARVSQ	0.69167036
URS000219A892_3702 Arabidopsis thaliana (thale cress) 5.8S ribosomal RNA	KTTLGNGYLGSTHRXRTXRNAILGVNCRIPXTIESLNAAXVPAPTFPGRGHVCRCH	0.6154325
URS000219B6FB_3702 Arabidopsis thaliana (thale cress) 5.8S ribosomal RNA	KATLGNGYLGSASMKNVAKCDTWCELQNPVNHRVFERKLRPKPSGRGTSAQVSQ	0.6832518
URS00021A1588_3702 Arabidopsis thaliana (thale cress) 5.8S ribosomal RNA	KTTRQRISRLASMKNVAKCDTWCELRNPVNHRVFERKLRPKPSPPAEGTSARVSQ	0.7157467
URS00021ADB28_3702 Arabidopsis thaliana (thale cress) 5.8S ribosomal RNA	KTTLGNGYLGSRIDEERSEMRYLVXIANPVNHRVFERKLRPKPSGRGHVCLGVT	0.7024303
URS00021AE867_3702 Arabidopsis thaliana (thale cress) 5.8S ribosomal RNA	KTTLGNGYLGSRIDEERSEMRYLVXIAESREPSSLXTQVAPQAFSGRGHACRVSQ	0.7810541
URS00021BCA54_3702 Arabidopsis thaliana (thale cress) 5.8S ribosomal RNA	KTTLGNGYLGSHRXRTXRNAILGVNCVIPXTIESLNAKLCPKPSRRGHVCPGVT	0.8105384
URS00021C1DB7_3702 Arabidopsis thaliana (thale cress) 5.8S ribosomal RNA	KTTLGNGYLGSHRXRTXRNAILGVNCRIPXTIESLNASCAPSLPGRGHVCLGVT	0.77622116
URS00021CD0A1_3702 Arabidopsis thaliana (thale cress) 5.8S ribosomal RNA	KTTLGNGYLGSRIDEERSEMRYLVXIAESREPSSLXTQVAPQAFGRGHVCPRCH	0.6358683
URS00021D2EEF_3702 Arabidopsis thaliana (thale cress) 5.8S ribosomal RNA	KTTLGNGYLGSHRXKNVAKCDTWCELQNPVNHRVFERKLRPKPSRPRARLPGCH	0.51146007
URS00021D2FE6_3702 Arabidopsis thaliana (thale cress) 5.8S ribosomal RNA	KTTLATDISALASMKNVAKCDTWCELQNPVNHRVFERKLRPKPSGRGHACPGCH	0.9459807
URS00021D4660_3702 Arabidopsis thaliana (thale cress) 5.8S ribosomal RNA	KTTRQRISRLASMKNVAKCDTWCELQNPVNHRVFERKLRPKPSGRGHVRLGVT	0.8669213
URS00021D5949_3702 Arabidopsis thaliana (thale cress) 5.8S ribosomal RNA	KTTLATDISAFASMKNVSEMRYLVXIRRIPXTTRVFERSCAPKPSGRGHVCLGCH	0.87686306
URS00021D648C_3702 Arabidopsis thaliana (thale cress) 5.8S ribosomal RNA	QVTTANDSRRSAIDEERANAILGAAECKSREPTVRLTQCRFAFAAGRARRLRH	0.95977277
URS00021E271B_3702 Arabidopsis thaliana (thale cress) 5.8S ribosomal RNA	KTTLSQRISRLASMKNVAKCDTWCELQCNPVNHRVFERKLRPKPSGRGHALPGCH	0.96687996
URS00021E5F19_3702 Arabidopsis thaliana (thale cress) 5.8S ribosomal RNA	KTTLGNGYLGSRSMKNVAKCDTWCELQNPVNHRVFERKLRPKPSRGRGHVCLGVT	0.78656244
URS00021EA1B9_3702 Arabidopsis thaliana (thale cress) 5.8S ribosomal RNA	KTTLGNGYLGSRIDEERSEMRYLVXIAXNPVNHRVFERKLRPKPSGRGHVCLGVT	0.7133591
URS00021EBA52_3702 Arabidopsis thaliana (thale cress) 5.8S ribosomal RNA	KTTLTDISALASMKNVAKCDTWCELQNPVNHRVFXTQVAPQAFLAEGTSPPWVSQ	0.7001852
URS00026A53AF_3702 Arabidopsis thaliana (thale cress) 5.8S ribosomal RNA	KTTLGNGYLGSRIDEERSRKCDTWCELQNPVNHRVFERKLRPKPSGRGHVCLGVT	0.8053767
URS00026B0226_3702 Arabidopsis thaliana (thale cress) 5.8S ribosomal RNA	KTTLGNGYLGSRIDEERSEMRYLVXIAESREPSSLXTQVAPKPSGRGHVCLGVT	0.7436967
URS00026F422C_3702 Arabidopsis thaliana (thale cress) 5.8S ribosomal RNA	KTTLACNGYLGSRIDEERSEMRYLVXIAESREPSSLXTQVAPQAFWPRARLPGCH	0.6744468
URS000271CAEF_3702 Arabidopsis thaliana (thale cress) 5.8S ribosomal RNA	KTTSATDISALASMKNVAKCDTWCELQNPVNHRVFERKLRPKPSGRGHVCLGVT	0.97681993
URS0002774FAF_3702 Arabidopsis thaliana (thale cress) 5.8S ribosomal RNA	KTTLGNGYLGSRIDEERSEMRYLVXIAESHVNHRVFERKLRPKPSGRGHVCLGVT	0.8119426
URS0002775866_3702 Arabidopsis thaliana (thale cress) 5.8S ribosomal RNA	KATLGNGYLGSRIDEERSEMRYLCVIAESREPSSLXNASCAPKPSGRGARLPGCH	0.5091926
URS00027880D7_3702 Arabidopsis thaliana (thale cress) 5.8S ribosomal RNA	KTTLGNGYLGSRIDEERSEMRYLVXIAESREPSSLXTQVAPQAFWPRARLPGCQ	0.5422004
URS00027A76C1_3702 Arabidopsis thaliana (thale cress) rrn18	SXRVKYPAWGVRSQEXNSKELTGARTSGGACGLIRCKAKNLTRAXH	0.58423847
URS00027A87FE_3702 Arabidopsis thaliana (thale cress) 5.8S ribosomal RNA	KTTLGNGYLGSRIDEERSEMRYLVXIAESVNHRVFERKLRPKPSGRGHVCLGVT	0.7990727
URS00027D1CBE_3702 Arabidopsis thaliana (thale cress) 5.8S ribosomal RNA	KTTLGNGYLGSRIDELAAAKCDTWCELQNPVNHRVFERKLRPKPSGRRHVCLGVT	0.68706644
URS0002D51EB1_3702 Arabidopsis thaliana (thale cress) rrn26	EAPVNGGRNYNGPKVAKFLV	0.978995
