ID	Full_Seq	Mature_AMP	Probability
XP_030045394.1 histone H2B type 2-E [Microcaecilia unicolor]	------------KGSKKAVSKTQKKDGKKRKRSRKESYAIYVYKVLKQVHPDTGISSKAMNIMNSFVNDIFERIAGEASRLAHYNKRSTITSREIQTAVRLLLPGELAKHAVSEGTKAVTKYTSSK	------------KGSKKAVSKTQKKDGKKRKRSRKESYAIYVYKVLKQVHPDTGISSKAMNIMNSFVNDIFERIAGEASRLAHYNKRSTITSREIQTAVRLLLPGELAKHAVSEGTKAVTKYTSSK	0.7363915
XP_030045402.1 histone H4 [Microcaecilia unicolor]	-SGRGKGGKGLGKGGAKRHRKVLRDNIQGITKPAIRRLARRGGVKRISGLIYEETRGVLKVFLENVIRDAVTYTEHAKRKTVTAMDVVYALKR-GRTLYGFGG	-SGRGKGGKGLGKGGAKRHRKVLRDNIQGITKPAIRRLARRGGVKRISGLIYEETRGVLKVFLENVIRDAVTYTEHAKRKTVTAMDVVYALKR-GRTLYGFGG	0.7971758
XP_030045406.1 histone H4 [Microcaecilia unicolor]	------GGKGLGKGGAKRHRKVLRDNIQGITKPAIRRLARRGGVKRISGLIYEETRGVLKVFLENVIRDAVTYTEHAKRKTVTAMDVVYALKRQG-TLYGFGG	-------GKGLGKGGAKRHRKVLRDNIQGITKPAIRRLARRGGVKRISGLIYEETRGVLKVFLENVIRDAVTYTEHAKRKTVTAMDVVYALKRQG-TLYGFGG	0.70417607
XP_030045727.1 late histone H2B.L4-like [Microcaecilia unicolor]	---------------------KGKRRETYSVYIYKVLKQVHPDTGISSKAMSIMNSFVNDVFERIATEASRLAQYNQRATITSREVQTAVRLLLPGELAK--VSEGTKAVTKYTSSK	-----------------------------------V---VHPDTGISSKAMSIMNSFVNDVFERIATEASRLAQYNQRATITSREVQTAVRLLLPGE-----VSEGTKAVTKYTSSK	0.52313745
XP_030060897.1 histone H4 [Microcaecilia unicolor]	--------------GAKRHRKVLRDNIQGITKPAIRRLARRGGVKRISGLIYEETRGVLKVFLENVIRDAVTYTEHAKRKTVTAMDVVYALKRQGRTLYGFGG	------------------------D--QGITKPAIRRLARRGGVKRISGLIYEETRGVLKVFLENVIRDAVTYTEHAKRKTVTAMDVVYALKRQGRTLYGFGG	0.596727
XP_030062491.1 histone H2A-like [Microcaecilia unicolor]	------TGGKARAKAKSRSSRAGLQFPVGRVHRLLRKGNYAERVGA-AP-Y-------------------------TRIIPRHLQL-V-N-------LGGVTIAQGGVLPNIQAVLLPKKTGGSAAPTAHPKGGKKMSQQS---	------------------------Q-PVGRVHRLLRKGNYA--------------------------------------IPRHLQL-V-N-------LGGVTIAQGGVLPNIQAVLLPKKTGGSAAPTAHPKGGKKMSQQS---	0.5311767
XP_030067898.1 WAP four-disulfide core domain protein 3-like isoform X1 [Microcaecilia unicolor]	--------------------------------------RNIKKTPFCDSFCTNDKDCSGNKKCCDDGCDKFCKPPAAEKTGTC---P----------------E-AGTFKCCPGQSGKACTPPSGEAPGFCPPNVLPPGIGATICIVDCNNCSAEEKCCSMGCTRRCMKTSQDKPGSCPYDPVRCIRAARSTCASDSGCPGDQKCCSHMCGMSCLAVSDKPGSCPNDPIKCVRAGPSTCASDSGCPGDQKCCSYMCGMNCLAVSATKQK	----------------------------------------------------------------------------------------------------------------PGQSGKACTPPSGEAPGFCPPNVLPPGIGATICIVDCNNCSAEEKCCSMGCTRRCMKTSQDKPGSCPYDPVRCIRAARSTCASDSGCPGDQKCCSHMCGMSCLAVSDKPGSCPNDPIKCVRAGPSTCASDSGCPGDQKCCSYMCGMNCLAVSATKQK	0.56151086
XP_030067900.1 perlwapin-like isoform X3 [Microcaecilia unicolor]	------------------------------------------KTPFCDSFCTNDKDCSGNKKCCDDGCDKFCKPPAAEKTGTCPAQPQKTS---------------GTFKCCPGQSGKACTPPSGEAPGFCPPNVLPPGIGATICIVDCNNCSAEEKCCSMGCTRRCMKTSQDKPGSCPNDPIKCVRAGPSTCASDSGCPGDQKCCSYMCGMNCLAVSATKQK	--------------------------------------------------------C----------------------T-T---------------------------------SGKACTPPSGEAPGFCPPNVLPPGIGATICIVDCNNCSAEEKCCSMGCTRRCMKTSQDKPGSCPNDPIKCVRAGPSTCASDSGCPGDQKCCSYMCGMNCLAVSATKQK	0.52156556
XP_030068618.1 hemoglobin subunit beta-2-like [Microcaecilia unicolor]	-------------------------------------WCQRYFTSFGNLGSEDSICHNAQVKAHGLKVLSSIAEAANHLSDIKGFYTKLSKHHSEKLHVDPANFMLFARILLCTLARHCPKLFDADVQHACNKYLRVCADALGKQYH	-----------------------------------------YFTSFGNLGSEDSICHNAQVKAHGLKVLSSIAEAANHLSDIKGFYTKLSKHHSEKLHVDPANFMLFARILLCTLARHCPKLFDADVQHACNKYLRVCADALGKQYH	0.5836329
XP_030070914.1 WAP four-disulfide core domain protein 2-like [Microcaecilia unicolor]	--------------------------------------------HDIQCSKDKKCCKTACGGTACRKPFFPNRSEKPGRCPDPDEYGELGFGICEEMCIQDTECSGDLKCCKTACGVTSCLKPQTFPNRPASNRGRCPYNWKPCRTPFFPSVSQCQGDWQCQMNQKCCSVGCDKQCVNIWAGLPIEY	--------------------------------------------------------------TACRKPFFPNRSEKPGRCPDPDEYGELGFGICEEMCIQDTECSGDLKCCKTACGVTSCLKPQTFPNRPASNRGRCPYNWKPCRTPFFPSVSQCQGDWQCQMNQKCCSVGCDKQCVNIWAGLPIEY	0.57779187
XP_030073497.1 histone H2B type 2-E [Microcaecilia unicolor]	--------------------------GKKRKRSRKESYAIYVYKVLKQVHPDTGISSKAMNIMNSFVNDIFERIAGEASRLAHYNKRSTITSREIQTAVRLLLPGELAKHAVSEGTKAVTKYTSSK	------------------------------------------YKVL------TGISSKAMNIMNSFVNDIFERIAGEASRLAHYNKRSTITSREIQTAVRLLLPGELAKHAVSEGTKAVTKYTSSK	0.576045
XP_030076050.1 histone H2B type 2-E [Microcaecilia unicolor]	-----------------------KKDGKKRKRSRKESYAIYVYKVLKQVHPDTGISSKAMNIMNSFVNDIFERIAGEASRLAHYNKRSTITSREIQTAVRLLLPGELAKHAVSEGTKAVTKYTSSK	-----------------------------------ESYAI-VYKV---VHPDTGISSKAMNIMNSFVNDIFERIAGEASRLAHYNKRSTITSREIQTAVRLLLPGELAKHAVSEGTKAVTKYTSSK	0.60944384
XP_030076051.1 histone H2B 1.1 [Microcaecilia unicolor]	------------------------------RRSRKESYAIYVYKVLKQVHPDTGISSKAMNIMNSFVNDIFERIAGEASRLAHYNKRSTITSREIQTAVRLLLPGELAKHAVSEGTKAVTKYTSSK	--------------------------------------------------------SKAMNIMNSFVNDIFERIAGEASRLAHYNKRSTITSREIQTAVRLLLPGELAKHAVSEGTKAVTKYTSSK	0.53147846
XP_030076189.1 histone H2B type 2-E [Microcaecilia unicolor]	-------------------------------RSRKESYAIYVYKVLKQVHPDTGISSKAMNIMNSFVNDIFERIAGEASRLAHYNKRSTITSREIQTAVRLLLPGELAKHAVSEGTKAVTKYTSSK	---------------------------------------------------------KAMNIMNSFVNDIFERIAGEASRLAHYNKRSTITSREIQTAVRLLLPGELAKHAVSEGTKAVTKYTSSK	0.52006567
