ID	Precursor	Precursor_score	Mature_peptide	Mature_score
URS00000219A2_3702 Arabidopsis thaliana (thale cress) partial 5S ribosomal RNA	MVHQVFKKEYIRLHCKYXRMRSYQHXCTGSHQNSAVKRAWARVVLGWVTSREVLVLHLLLCLTFFFF	0.6	--------EYIRLHCKYXRMRSYQHXCTGSHQNSAVKRAWARVVLGWVT------------------	0.68
URS0000036331_3702 Arabidopsis thaliana (thale cress) partial 5S ribosomal RNA	IESSKNNRYDCNACSNRCFHTSTNAPDPIRTTXLSVLGREXYEDGXPRGMSSYCISL	0.55	-------RYDCNACSNRCFHTSTNAPDPIRTT-------------XPRGMSSYCISL	0.66
URS000003C22B_3702 Arabidopsis thaliana (thale cress) ribosomal RNA	RDETRGLSWRSPILVLLSPKHAXLRFFDGIWCISAGMIAF	0.5	------------------------RFFDGIWCISAGMIAF	0.86
URS00000A2534_3702 Arabidopsis thaliana (thale cress) partial 5S ribosomal RNA	GSXSLKKRIDTIRFDVVTDAIIPALMHRIPSELRSXACLGESSTRMGDLEECPRVASL	0.87	---S----IDTIRFDVVTDAIIPALMHRIPSELRSXACLGE---R-------------	0.71
URS00000B9C60_3702 Arabidopsis thaliana (thale cress) partial 5S ribosomal RNA	IKSSKNNRYDCKYVCNRCFHTSTNAPDPIRTTXLSVLGREXYEDGXPRGMSSYCIS	0.85	-----NNRYDCKYV-NRC---S-----------------------XPRGMSSYCIS	0.64
URS00000E32B6_3702 Arabidopsis thaliana (thale cress) partial 5S ribosomal RNA	MKLIKTRWVSLHSGWDPRRMVHQVFKKEYIRLHCKYXRMRSYQHXC	0.96	----KTRWVSLHSGWDPRRMVHQVFKKEYIRLHCKYXRMRSYQHXC	0.91
URS00000FFF47_3702 Arabidopsis thaliana (thale cress) ribosomal RNA	RDATRGLSXRSPILVLLSPKHAXLRSSDGIRSISAGMIAS	0.61	----------------------XLRSSDGIRSISAGMIAS	0.83
URS00001430C0_3702 Arabidopsis thaliana (thale cress) ribosomal RNA	REATRGLSXRSPILVLLSPKHAXLRSSNGIWCISAGMIAF	0.9	-----------------------LRSSNGIWCISAGMIAF	0.87
URS0000170BC8_3702 Arabidopsis thaliana (thale cress) partial 5S ribosomal RNA	KDRCMMHISRMRSHQHXCTGSHKNSAVKRAWARVVLGWVTSREVLVLHP	0.53	---CMMH--RMRSHQHXCTGSHKNSAVKRAWARVVLGWVTSREVL----	0.66
URS0000189D55_3702 Arabidopsis thaliana (thale cress) ribosomal RNA	RDATRGLSWRSPILVLLSPKHAXLRSSNGIWCISAGMIAF	0.87	----------------------XLRSSNGIWCISAGMIAF	0.88
URS000019EE7E_3702 Arabidopsis thaliana (thale cress) partial 5S ribosomal RNA	IIKSSKNNRYDCNAYSNRCFHTSTNAPDPIRTTXLSVLGREXYEDGXPRGMSSYCIS	0.77	-IKSSK-NRYDCNAYSNRCFHTSTNAPDPIRTT-------------XPRGMSSYCIS	0.65
URS00001D9F69_3702 Arabidopsis thaliana (thale cress) ribosomal RNA	RDATRGLSWRSPILVLLLPKHAXLRRSNGIRSISAGMIAF	0.86	------------------------RRSNGIRSISAGMIAF	0.84
URS00001DC2EC_3702 Arabidopsis thaliana (thale cress) partial 5S ribosomal RNA	KVLKKRIDTIALHVVTDAIIPALMHRIPLELRSXACLGESSTRMGDLEECPRVASL	0.92	---------------------------P-------C--------------------	0.51
URS00001EB575_3702 Arabidopsis thaliana (thale cress) partial 5S ribosomal RNA	RSIRFDVFNGCIIPALMHWIPSEICSXACLGESCTRMGDLQESPRVAFL	0.86	--IRFDVFNGCIIPALMHWIPSEICSXACLGESCTRMGDLQE--RVAFL	0.82
URS0000227325_3702 Arabidopsis thaliana (thale cress) partial 5S ribosomal RNA	PTTNGSXSLQKRIDTIAIVXXTYAFILALMHRIPSELRSXACLGESSTRMGDLEECPRIASL	0.7	------------------------F----MHRIPSELRSXACLG----RMG-----PRIAS-	0.56
URS0000232718_3702 Arabidopsis thaliana (thale cress) ribosomal RNA	RDATRGLSXRSPILVLLSPKHAXLQSSNGIWCISAGMIAF	0.81	-----------------------LQSSNGIWCISAGMIAF	0.85
URS0000247E8B_3702 Arabidopsis thaliana (thale cress) partial 5S ribosomal RNA	KLIKTRWVSLHSGWHPRRMVHQVFKKEYIRLHCKYXRMRSYQHXCTGSHQNSAVKRAWARVVLGWVTSRKVLVLHPSF	0.76	-LIKTRWVSLHSGWHPRRMVHQVFKKEYIRLHCKYXRMRSYQHXCTGSHQNSAVKRAWARVVLGWVTSRKVLVLHPSF	0.86
URS0000261E41_3702 Arabidopsis thaliana (thale cress) partial 5S ribosomal RNA	IIGVAKSSKKNKXTLLXXRMLSYQHXCAGSNQNFVVKSAWARVVIVCVTSRKVLVLHPS	0.77	IIGVAKSSKKNKXTLLXXRMLSYQHXCAGSNQNFVVKSAWARVVIVCVTSRKVLVLHP-	0.72
URS00002657A7_3702 Arabidopsis thaliana (thale cress) ribosomal RNA	RDATRGLSWTSPILVLLSPKHAXLRSFDGIWCISAGMIAS	0.66	------------------------RSFDGIWCISAGMIAS	0.92
URS0000267B41_3702 Arabidopsis thaliana (thale cress) ribosomal RNA	RDATRGLSWRSPILVLLSPNHAXLRSSDGIRSISAVMIAS	0.57	------------------------RSSDGIRSISAVM-AS	0.65
URS000027AE94_3702 Arabidopsis thaliana (thale cress) ribosomal RNA	RYATRGLSXRSPILVLLSPKHAXLRSSNGIWCISAGMIAF	0.83	----------------------XLRSSNGIWCISAGMIAF	0.88
URS0000282CE4_3702 Arabidopsis thaliana (thale cress) ribosomal RNA	RDATRIHSERSPILVLLSSKHAXLQSSDGIRCINAGMIAS	0.59	-----------------------LQSSDGIRCINAGMIAS	0.83
URS00002AB9AC_3702 Arabidopsis thaliana (thale cress) ribosomal RNA	RDETRGLSXRSPILVLLSPKHAXLRFFDGIWCISAGMIAF	0.51	------------------------RFFDGIWCISAGMIAF	0.87
URS00002EC4C4_3702 Arabidopsis thaliana (thale cress) partial 5S ribosomal RNA	LKTRWVSLHSGWDPRRMVTQVFKKEYIRLHCKYXRMRSYQHXCTGSHQNSAGKRAWARVVLGWVTSREVLVLHPSFMFNLF	0.56	---RWVSLHSGWDPRRMVTQVFKKEYIRLHCKYXRMRSYQHXCTGSHQNSAGKRAWARVVLGWVTSR--------------	0.75
URS0000329693_3702 Arabidopsis thaliana (thale cress) partial 5S ribosomal RNA	QDGVSLHSGWDPRRMVHQVFKKEYIRLHCIYXRMRSYQHXCTGSHQNSVVKRAWARVVLGWVTSREVLVLHLLLCLTFFFLV	0.58	------HSGWDPRRMVHQVFKKEYIRLHCIYXRMRSYQHXCTGSHQNSVVKRAWARVVLGWVT-------------------	0.75
URS0000332EE2_3702 Arabidopsis thaliana (thale cress) ribosomal RNA	RDATRGLSXRSPILLQLTPKHAXLWSSDGIRCISVGMIAS	0.85	---------------------AXLWSSDGIRCISVGMIAS	0.89
URS0000374A96_3702 Arabidopsis thaliana (thale cress) partial 5S ribosomal RNA	QMDHKVFKKXXIQLQCMXXQMTFILALMHRIPSELRSXACLGESSTRMGDLEECPCIASL	0.95	---------------------------MHRIPSELRSXACLGE-STRMGDLEECPCIAS-	0.6
URS000039B2BD_3702 Arabidopsis thaliana (thale cress) ribosomal RNA	RDATRGLSWRSPILVLLSPKHAXLQSSHGIRCINAGMIAS	0.6	----------------------XLQSSHGIRCINAGMIAS	0.83
URS00003B25BD_3702 Arabidopsis thaliana (thale cress) partial 5S ribosomal RNA	VTHDKWIIKFLKKNRYHCICIXXQMRSYQHXCTGSHXNSAVKHASARVVLGWVTSRNVLVLHP	0.62	-THDKWIIKFLKKNRYHCICIXXQMRSYQHXCTGSHXNSAVKHASARVVLGWVTSRNVLVLHP	0.78
URS00003EA320_3702 Arabidopsis thaliana (thale cress) ribosomal RNA	RDATRGLSWRSPILILLSPKQAXLRSSNGIWCISAGMIAF	0.85	----------------------XLRSSNGIWCISAGMIAF	0.87
URS00004138D0_3702 Arabidopsis thaliana (thale cress) ribosomal RNA	RDATRGLSWRSPILVLLSPKHAXLRSFDGIWCISAGMITS	0.55	----------------------XLRSFDGIWCISAGMITS	0.86
URS000044F2BE_3702 Arabidopsis thaliana (thale cress) ribosomal RNA	RVVTRGLSEMSPILVLLSPKHAXLQSSHGIRCINAGMIAS	0.5	------------------------QSSHGIRCINAGMIAS	0.85
URS000048E8B0_3702 Arabidopsis thaliana (thale cress) ribosomal RNA	YLVDPASSHMLVSKIKPCMCKYERI	0.54	---------MLVSKIKPCMCKYERI	0.87
URS00004A857E_3702 Arabidopsis thaliana (thale cress) partial 5S ribosomal RNA	SXSLQKIRYSSXASYVTDAFILALSHRIPSELASXACLGESSSRMGDLQECPRIASL	0.97	---------------------------------------------------------	0.11
URS00004AB9E3_3702 Arabidopsis thaliana (thale cress) ribosomal RNA	RDATRGLSXRSLSSTTLAQARLTAECDGIRCISAGMIAS	0.9	-----------------AQARLTAECDGIRCISAGMIAS	0.81
URS00004B5188_3702 Arabidopsis thaliana (thale cress) partial 5S ribosomal RNA	VFKKEXIPFDCMXXQMRSYQHXCTISHQNSAVKRVWARVVLGWVTSRKVLVLHP	0.53	------------------YQHXCTISHQNSAVKRVWARVVLGWVTSRKVLVLH-	0.65
URS00004CDB9E_3702 Arabidopsis thaliana (thale cress) ribosomal RNA	RDATRGLSRRSPILVLLSPKHAXLRSFDGIWCISAGMIAS	0.81	------------------------RSFDGIWCISAGMIAS	0.91
URS00004FB951_3702 Arabidopsis thaliana (thale cress) partial 5S ribosomal RNA	SXSLQKKNRSIAFHVVTYAIIPALMHWIPSELRSXACLGESSTRMGDLEECPLVASL	0.51	---------------VTYAIIPALMHWIPSELRSXACL-------------------	0.66
URS0000518072_3702 Arabidopsis thaliana (thale cress) ribosomal RNA	RDATRGLSXRSPILVLLSPKHAXLRHSNGIRSISAGMIAS	0.88	-----------------------LRHSNGIRSISAGMIAS	0.81
URS00005407D0_3702 Arabidopsis thaliana (thale cress) 5.8S ribosomal RNA	KRLSATDISALASMKNVAKCDTWCELQNPVNHRVFERKLRPKPSGRGHVCLG	1.0	--------------K-VAKCDTWCELQNPVNHRVFERKLRPKPSGRGHVCL-	0.86
URS000054861A_3702 Arabidopsis thaliana (thale cress) partial 5S ribosomal RNA	KSSYKQDRYSYIAGRTHGKWIIKSXKKNRYDCIACSNRCDHTSTNAPDPIRTPQLSVLGREXYXDGXPQECPRVASL	0.57	-------RYSYIAGRTHGKWIIKSXKKNRYDCIACSNRCDHTSTNAPDPIRT-QL-VL-R--YXDGXPQECPRVAS-	0.68
URS00005887A5_3702 Arabidopsis thaliana (thale cress) ribosomal RNA	RDDRICTTLAQAHLTAEFCWDPVHXCWYDRI	0.61	--DRICTTLAQAHLTAEFCWDPVHXCWYDRI	0.89
URS000058DA55_3702 Arabidopsis thaliana (thale cress) partial 5S ribosomal RNA	IACSYIRGGPTINGSXSFXKRIDTIAFAFNXQMRSYQHXCTGSHXNSAVKHASARVVLGWVTSRNVLCVASL	0.8	IACSYIRGGPTINGSXSFXKRIDTIAFAFNXQMRSYQHXCTGSHXNSAVKHASARVVLGWVTSRNVLCVASL	0.83
URS00005979EC_3702 Arabidopsis thaliana (thale cress) partial 5S ribosomal RNA	LRLDGVSLHSGWDPRRMVHQVFKKEYIRLHCIYXRMRSCQHXCTGSHQNSAVKRAWARVVLGWVTFGKSSCCIPLLCLTF	0.72	--------HSGWDPRRMVHQVFKKEYIRLHCIYXRMRSCQHXCTGSHQNSAVKRAWARVVLGWVTFGKSSCCIPLLCLTF	0.91
URS00005D4F38_3702 Arabidopsis thaliana (thale cress) partial 5S ribosomal RNA	GSXSLKKRIDTIRFDVVTDAIIPALMHRIPLELRSXACLGESSTRMGDLEECPRVASL	0.79	----------------------------------------------------------	0.06
URS0000609AE7_3702 Arabidopsis thaliana (thale cress) partial 5S ribosomal RNA	QGSLRLDGVSLHGGWDPGRTVHQDLKKEYIRLHCIYXRMRSYQHXCTGSHQNSAGKRDWVRVVTRMGDLPGSPRVASFFFFFFFLVKTLXLHNFYT	0.75	---------SLHGGWDPGRTVHQDLKKEYIRLHCIYXRMRSYQHXCTGSHQNSAGKRDWVRVVTRMGDLPG---------------------NFY-	0.69
URS000062B6DA_3702 Arabidopsis thaliana (thale cress) 5S ribosomal RNA	RCDHTSTNAPDPIKTVQLSVLGREXYXDGXPPGKSSCWI	0.59	----------------------------GXPPGKSSCWI	0.8
URS000062C12D_3702 Arabidopsis thaliana (thale cress) 5S ribosomal RNA	GCDYTSINALDPIRNLXLSVLGRELYXDGXPPGKSSCCI	0.75	-----------------------------XPPGKSSCCI	0.84
URS000062ECCA_3702 Arabidopsis thaliana (thale cress) 5S ribosomal RNA	RCKHTSINAPDPIRTMXLSVLGREXLICLXFACFTH	0.76	------------------------------------	0.12
URS000063416D_3702 Arabidopsis thaliana (thale cress) 5S ribosomal RNA	KNNXISSRCTGSYQNTVVKRDWSRVVLEGXPSEKFSCCI	0.92	-----SSRCTGSYQNTVVKRDWSRVVLEGXPSEKFSCCI	0.84
URS000064D47F_3702 Arabidopsis thaliana (thale cress) 5S ribosomal RNA	KCDHTSTNGPDPIXTPQLSVLGQEXYXDGXPPGKSSCCI	0.52	-----------------------------XPPGKSSCCI	0.8
URS00006553FF_3702 Arabidopsis thaliana (thale cress) 5S ribosomal RNA	GCDHISPYASDPINTLQLSLLGREXYXDGXPPGKSLCCI	0.91	-----------------------------XPPGKSLCCI	0.81
URS00006676BE_3702 Arabidopsis thaliana (thale cress) 5S ribosomal RNA	ECNHSSTNAPDPNRTPHLSVLWREXYXHGXPPGKSSCCI	0.74	-------------------------YXHGXPPGKSSCCI	0.78
URS0000674AE6_3702 Arabidopsis thaliana (thale cress) 5S ribosomal RNA	GCDHTSINAPDPMRTLKLSVLGREXYXDGXHLGKSSCYN	0.61	---HTS-------------------YXDGXHLGKSSCYN	0.67
URS0000693E5E_3702 Arabidopsis thaliana (thale cress) 5S ribosomal RNA	GCDHTSTNAPNPIRTTXLSVLLXEXYXDKXPPWKSSSCI	0.7	--------------------------XDKXPPWKSSSCI	0.74
URS00006966AD_3702 Arabidopsis thaliana (thale cress) 5S ribosomal RNA	RCFHTSTNAPDPIRTTXLSVLGREXYEDGXPRGMSSYCI	0.61	-----------------------------XPRGMSSYCI	0.73
URS000069D85E_3702 Arabidopsis thaliana (thale cress) 5S ribosomal RNA	GCDHTSINAPCPRRTLXLSVLGREXYLGGXPPGKSSCCI	0.77	------------------------------PPGKSSCCI	0.69
URS00006B794D_3702 Arabidopsis thaliana (thale cress) 5S ribosomal RNA	RCDHTSTNAPSPFRTSQLILLVXVXSXDGXLPGKSSFCI	0.78	----------------------------GXLPGKSSFCI	0.82
URS00006C57C1_3702 Arabidopsis thaliana (thale cress) 5S ribosomal RNA	GCDYTNINAPDPIRNLQLSVLWRELYXDGXPTGKSSCCI	0.52	-------------------------Y-DGXPTGKSSCCI	0.79
URS00006F6D30_3702 Arabidopsis thaliana (thale cress) 5S ribosomal RNA	GCDHISTYASDPINTLQLSLLGREXYXDGXPPGKSLCCI	0.92	-----------------------------XPPGKSLCCI	0.82
URS00006F8F69_3702 Arabidopsis thaliana (thale cress) 5S ribosomal RNA	GCDHISPYASDPINTLQLSLLGREXYXDGXPPGKSLCWI	0.87	-----------------------------XPPGKSLCWI	0.8
URS000070AA87_3702 Arabidopsis thaliana (thale cress) 5S ribosomal RNA	GCHHTITNAPGSHHNSAVKRAWARVVLGRVTFWEVLVLHP	0.64	GCHHTI-NAPGSHHNSAVKRAWARVVLGRVTFWEVL----	0.61
URS0000EFFE1B_3702 Arabidopsis thaliana chloroplast 5S rRNA	ILVSXAXRNNTNPSRTWWLNSTAVTILXGRSCGKIARRQDDEKLNT	0.68	------XRNNTNPSRTWWLNSTAVTILXGRSCGKIARRQDDEKLNT	0.85
URS000218B837_3702 Arabidopsis thaliana (thale cress) 5.8S ribosomal RNA	KTTLGNGYLGSRIDEERSEMRYLVCELQNPVNHRVFERKLRPKPSGRGHVCPGVT	0.69	----------------------------------VFERKLRPKPSGRGHVCPGVT	0.8
URS000218BFA9_3702 Arabidopsis thaliana (thale cress) 5.8S ribosomal RNA	KSTLESDISALASMKNVAKCDTWXIAESREPSSLXTQVAPQAFWPRARLPGCH	0.6	------------------KCDTWXIAESREP----T--APQAFWPRARLPGCH	0.69
URS000218C7DB_3702 Arabidopsis thaliana (thale cress) 5.8S ribosomal RNA	KTTLGNGYLGSRIDEERSEMRYLVXIAXIPXTIESLNASCAPSLPGRGHVCPGCH	0.86	------------------------------------NASCAPSLPGRGHVCPGCH	0.76
URS000218EC4A_3702 Arabidopsis thaliana (thale cress) 5.8S ribosomal RNA	KTTLGNGYLGSRIDEERSEMRYLVXIAESREPSSLXTQVAPQAFGRGHVCLGVT	0.75	------------------------------------TQVAPQAFGRGHVCLGVT	0.7
URS00021959DA_3702 Arabidopsis thaliana (thale cress) 5.8S ribosomal RNA	KTTLATDISALASMKNVAKCDTWCELRNPVNHRVFERKLRPQAFGRGHALPGCH	0.96	--------------K-VAKCDTWCELRNPVNHRVFERKLRPQAFGRGHALPGCH	0.9
URS00021970DE_3702 Arabidopsis thaliana (thale cress) 5.8S ribosomal RNA	KTTLGNGYLALASMKNVAKCDTWCELQNPVNHRVFERKLRPKPSGRGHVRPRVSQ	0.8	--------------K-VAKCDTWCELQNPVNHRVFERKLRPKPSGRGHVRPRVSQ	0.86
URS00021999C6_3702 Arabidopsis thaliana (thale cress) 5.8S ribosomal RNA	KTTLSNGYLGSHRXRTXRNAILGVNCRNPVNHRVFERKVAPKPSGRGTSARVSQ	0.69	------------RXRTXRNAILGVNCRNPVNHRVFERKVAPKPSGRGTSARVSQ	0.9
URS000219A892_3702 Arabidopsis thaliana (thale cress) 5.8S ribosomal RNA	KTTLGNGYLGSTHRXRTXRNAILGVNCRIPXTIESLNAAXVPAPTFPGRGHVCRCH	0.62	-------------RXRTXRNAILGVNCRIPXTIESLNAAXVPAPTFPGRGHVCRCH	0.87
URS000219B6FB_3702 Arabidopsis thaliana (thale cress) 5.8S ribosomal RNA	KATLGNGYLGSASMKNVAKCDTWCELQNPVNHRVFERKLRPKPSGRGTSAQVSQ	0.68	----GNGYLGSASMKNVAKCDTWCELQNPVNHRVFERKLRPKPSGRGTSAQVSQ	0.85
URS00021A1588_3702 Arabidopsis thaliana (thale cress) 5.8S ribosomal RNA	KTTRQRISRLASMKNVAKCDTWCELRNPVNHRVFERKLRPKPSPPAEGTSARVSQ	0.72	----QRISRLASMKNVAKCDTWCELRNPVNHRVFERKLRPKPSPPAEGTSARVSQ	0.89
URS00021ADB28_3702 Arabidopsis thaliana (thale cress) 5.8S ribosomal RNA	KTTLGNGYLGSRIDEERSEMRYLVXIANPVNHRVFERKLRPKPSGRGHVCLGVT	0.7	--------------------------------RVFERKLRPKPSGRGHVCLGVT	0.8
URS00021AE867_3702 Arabidopsis thaliana (thale cress) 5.8S ribosomal RNA	KTTLGNGYLGSRIDEERSEMRYLVXIAESREPSSLXTQVAPQAFSGRGHACRVSQ	0.78	---------------------------------------APQAFSGRGHACRVSQ	0.73
URS00021BCA54_3702 Arabidopsis thaliana (thale cress) 5.8S ribosomal RNA	KTTLGNGYLGSHRXRTXRNAILGVNCVIPXTIESLNAKLCPKPSRRGHVCPGVT	0.81	-------------XRTXRNAILGVNCVIPXTIESLNAKLCPKPSRRGHVCPGVT	0.9
URS00021C1DB7_3702 Arabidopsis thaliana (thale cress) 5.8S ribosomal RNA	KTTLGNGYLGSHRXRTXRNAILGVNCRIPXTIESLNASCAPSLPGRGHVCLGVT	0.78	-------Y----RXRTXRNAILGVNCRIPXTIESLNASCAPSLPGRGHVCLGVT	0.91
URS00021CD0A1_3702 Arabidopsis thaliana (thale cress) 5.8S ribosomal RNA	KTTLGNGYLGSRIDEERSEMRYLVXIAESREPSSLXTQVAPQAFGRGHVCPRCH	0.64	------------------------------------------AFGRGHVCPRCH	0.81
URS00021D2EEF_3702 Arabidopsis thaliana (thale cress) 5.8S ribosomal RNA	KTTLGNGYLGSHRXKNVAKCDTWCELQNPVNHRVFERKLRPKPSRPRARLPGCH	0.51	------GYLGSHRXKNVAKCDTWCELQNPVNHRVFERKLRPKPSRPRARLPGCH	0.88
URS00021D2FE6_3702 Arabidopsis thaliana (thale cress) 5.8S ribosomal RNA	KTTLATDISALASMKNVAKCDTWCELQNPVNHRVFERKLRPKPSGRGHACPGCH	0.95	--------------K-VAKCDTWCELQNPVNHRVFERKLRPKPSGRGHACPGCH	0.89
URS00021D4660_3702 Arabidopsis thaliana (thale cress) 5.8S ribosomal RNA	KTTRQRISRLASMKNVAKCDTWCELQNPVNHRVFERKLRPKPSGRGHVRLGVT	0.87	----QRISRLASMKNVAKCDTWCELQNPVNHRVFERKLRPKPSGRGHVRLGVT	0.89
URS00021D5949_3702 Arabidopsis thaliana (thale cress) 5.8S ribosomal RNA	KTTLATDISAFASMKNVSEMRYLVXIRRIPXTTRVFERSCAPKPSGRGHVCLGCH	0.88	---------------------------RIPXTTRVFERSCAPKPSGRGHVCLGCH	0.88
URS00021D648C_3702 Arabidopsis thaliana (thale cress) 5.8S ribosomal RNA	QVTTANDSRRSAIDEERANAILGAAECKSREPTVRLTQCRFAFAAGRARRLRH	0.96	------------------NAILGAAECKSREPTVRLTQCRFAFAAGRARRLRH	0.76
URS00021E271B_3702 Arabidopsis thaliana (thale cress) 5.8S ribosomal RNA	KTTLSQRISRLASMKNVAKCDTWCELQCNPVNHRVFERKLRPKPSGRGHALPGCH	0.97	-------ISRLASMKNVAKCDTWCELQCNPVNHRVFERKLRPKPSGRGHALPGCH	0.9
URS00021E5F19_3702 Arabidopsis thaliana (thale cress) 5.8S ribosomal RNA	KTTLGNGYLGSRSMKNVAKCDTWCELQNPVNHRVFERKLRPKPSRGRGHVCLGVT	0.79	--------LGSRSMKNVAKCDTWCELQNPVNHRVFERKLRPKPSRGRGHVCLGVT	0.89
URS00021EA1B9_3702 Arabidopsis thaliana (thale cress) 5.8S ribosomal RNA	KTTLGNGYLGSRIDEERSEMRYLVXIAXNPVNHRVFERKLRPKPSGRGHVCLGVT	0.71	----------------------------N----RVFERKLRPKPSGRGHVCLGVT	0.8
URS00021EBA52_3702 Arabidopsis thaliana (thale cress) 5.8S ribosomal RNA	KTTLTDISALASMKNVAKCDTWCELQNPVNHRVFXTQVAPQAFLAEGTSPPWVSQ	0.7	------------MKNVAKCDTWCELQNPVNHRVFXTQVAPQAFLAEGTSPPWVSQ	0.86
URS00026A53AF_3702 Arabidopsis thaliana (thale cress) 5.8S ribosomal RNA	KTTLGNGYLGSRIDEERSRKCDTWCELQNPVNHRVFERKLRPKPSGRGHVCLGVT	0.81	-----------------SRKCDTWCELQNPVNHRVFERKLRPKPSGRGHVCLGVT	0.86
URS00026B0226_3702 Arabidopsis thaliana (thale cress) 5.8S ribosomal RNA	KTTLGNGYLGSRIDEERSEMRYLVXIAESREPSSLXTQVAPKPSGRGHVCLGVT	0.74	-----------------------------------XTQVAPKPSGRGHVCLGVT	0.69
URS00026F422C_3702 Arabidopsis thaliana (thale cress) 5.8S ribosomal RNA	KTTLACNGYLGSRIDEERSEMRYLVXIAESREPSSLXTQVAPQAFWPRARLPGCH	0.67	-------------------------------------------AFWPRARLPGCH	0.78
URS000271CAEF_3702 Arabidopsis thaliana (thale cress) 5.8S ribosomal RNA	KTTSATDISALASMKNVAKCDTWCELQNPVNHRVFERKLRPKPSGRGHVCLGVT	0.98	--------------K-VAKCDTWCELQNPVNHRVFERKLRPKPSGRGHVCLGVT	0.86
URS0002774FAF_3702 Arabidopsis thaliana (thale cress) 5.8S ribosomal RNA	KTTLGNGYLGSRIDEERSEMRYLVXIAESHVNHRVFERKLRPKPSGRGHVCLGVT	0.81	----------------------------------VF-RKLRPKPSGRGHVCLGVT	0.81
URS0002775866_3702 Arabidopsis thaliana (thale cress) 5.8S ribosomal RNA	KATLGNGYLGSRIDEERSEMRYLCVIAESREPSSLXNASCAPKPSGRGARLPGCH	0.51	---------------------------------SLXNASCAPKPSGRGARLPGCH	0.81
URS00027880D7_3702 Arabidopsis thaliana (thale cress) 5.8S ribosomal RNA	KTTLGNGYLGSRIDEERSEMRYLVXIAESREPSSLXTQVAPQAFWPRARLPGCQ	0.54	------------------------------------------AFWPRARLPGCQ	0.78
URS00027A76C1_3702 Arabidopsis thaliana (thale cress) rrn18	SXRVKYPAWGVRSQEXNSKELTGARTSGGACGLIRCKAKNLTRAXH	0.58	------PAWGVRS--XNS------RTSGGACGLIRCKAKNLTRAXH	0.78
URS00027A87FE_3702 Arabidopsis thaliana (thale cress) 5.8S ribosomal RNA	KTTLGNGYLGSRIDEERSEMRYLVXIAESVNHRVFERKLRPKPSGRGHVCLGVT	0.8	----------------------------------F-RKLRPKPSGRGHVCLGVT	0.83
URS00027D1CBE_3702 Arabidopsis thaliana (thale cress) 5.8S ribosomal RNA	KTTLGNGYLGSRIDELAAAKCDTWCELQNPVNHRVFERKLRPKPSGRRHVCLGVT	0.69	----------SRIDELAAAKCDTWCELQNPVNHRVFERKLRPKPSGRRHVCLGVT	0.89
URS0002D51EB1_3702 Arabidopsis thaliana (thale cress) rrn26	EAPVNGGRNYNGPKVAKFLV	0.98	---VNGGRNYNGPKVAKFLV	0.85
